{
    "identifier": 'a',
    "size": 328,
    "speedKmh": 0.0015043363673612475,
    "speedMph": 0.0009347513550892472,
    "speedMs": 0.00041787122609093785,
    "isAbsEnabled": 1,
    "isAbsInAction": 0,
    "isTcInAction": 0,
    "isTcEnabled": 1,
    "isInPit": 1,
    "isEngineLimiterOn": 0,
    "accGVertical": 0,
    "accGHorizontal": 0,
    "accGFrontal": 0,
    "lapTime": 17028,
    "lastLap": 0,
    "bestLap": 0,
    "lapCount": 0,
    "gas": 0,
    "brake": 0,
    "clutch": 0,
    "engineRPM": 800.8599243164062,
    "steer": -0.39674192667007446,
    "gear": 1,
    "cgHeight": 0.4578666687011719,
    "wheelAngularSpeed1": 0,
    "wheelAngularSpeed2": 0,
    "wheelAngularSpeed3": 0,
    "wheelAngularSpeed4": 0,
    "slipAngle1": -0.035950422286987305,
    "slipAngle2": -0.03781769797205925,
    "slipAngle3": -0.01677933894097805,
    "slipAngle4": -0.004375394433736801,
    "slipAngleContactPatch1": 0,
    "slipAngleContactPatch2": 0,
    "slipAngleContactPatch3": 0,
    "slipAngleContactPatch4": 0,
    "slipRatio1": 0.00005272218550089747,
    "slipRatio2": -0.0005092389765195549,
    "slipRatio3": -0.0003156092716380954,
    "slipRatio4": -0.0006384819280356169,
    "tyreSlip1": 0,
    "tyreSlip2": 0,
    "tyreSlip3": 0,
    "tyreSlip4": 0,
    "ndSlip1": 0.04265182837843895,
    "ndSlip2": 0.030023032799363136,
    "ndSlip3": 0.04331599920988083,
    "ndSlip4": 0.03864554315805435,
    "load1": 4660.38525390625,
    "load2": 5034.89599609375,
    "load3": 4573.255859375,
    "load4": 4037.465087890625,
    "Dy1": 1.095220685005188,
    "Dy2": 1.0808523893356323,
    "Dy3": 1.1231675148010254,
    "Dy4": 1.1431423425674438,
    "Mz1": 0.02292223833501339,
    "Mz2": -0.07647644728422165,
    "Mz3": 0.09690482169389725,
    "Mz4": -0.2166370451450348,
    "tyreDirtyLevel1": 0.005050155334174633,
    "tyreDirtyLevel2": 0.005116370506584644,
    "tyreDirtyLevel3": 0.00012275968038011342,
    "tyreDirtyLevel4": 0.00010931107681244612,
    "camberRAD1": -0.035790570080280304,
    "camberRAD2": -0.03255786374211311,
    "camberRAD3": -0.036406226456165314,
    "camberRAD4": -0.03443412110209465,
    "tyreRadius1": 0.35600000619888306,
    "tyreRadius2": 0.35600000619888306,
    "tyreRadius3": 0.35350000858306885,
    "tyreRadius4": 0.35350000858306885,
    "tyreLoadedRadius1": 0.3415053188800812,
    "tyreLoadedRadius2": 0.3403410315513611,
    "tyreLoadedRadius3": 0.3398110866546631,
    "tyreLoadedRadius4": 0.341409832239151,
    "suspensionHeight1": 0.04153042286634445,
    "suspensionHeight2": 0.043946243822574615,
    "suspensionHeight3": 0.042041607201099396,
    "suspensionHeight4": 0.037806496024131775,
    "carPositionNormalized": 0.06155829504132271,
    "carSlope": 0,
    "carCoordinatesX": -27.013582229614258,
    "carCoordinatesY": 61.415870666503906,
    "carCoordinatesZ": -450.9337158203125
}